INSERT game_asset (id, economy_id, type, name, bdid) VALUES
(59, 6, 'currency', 'Music SaySo', 7930015),
(60, 6, 'currency', 'Music PaySo', 7930016),
(61, 6, 'currency', 'Check-In Points', 8172006),
(62, 6, 'currency', 'Creation Points', 7930040),
(63, 6, 'currency', 'Influence Points', 8178002),
(64, 6, 'currency', 'Mission Points', 7930041),
(65, 6, 'currency', 'Opinion Points', 7930017),
(66, 6, 'currency', 'Personal Points', 7930019),
(67, 6, 'currency', 'Poll Points - Premium', 7930021),
(68, 6, 'currency', 'Poll Points - Standard', 7930020),
(69, 6, 'currency', 'Purchase Points', 7930042),
(70, 6, 'currency', 'Social Points', 7930018),
(71, 6, 'currency', 'Survey Points - Premium', 7930051),
(72, 6, 'currency', 'Survey Points - Profile', 7930023),
(73, 6, 'currency', 'Survey Points - Standard', 7930022),
(74, 6, 'currency', 'Tenure Points', 7930044),
(75, 6, 'currency', 'Token Points', 7930045),
(76, 6, 'currency', 'Trailer Quiz Points', 7930046),
(77, 6, 'level', 'User Level', NULL);

INSERT game_currency (game_asset_id, game_currency_type_id) VALUES
(59, 1),
(60, 2),
(61, 3),
(62, 4),
(63, 5),
(64, 6),
(65, 8),
(66, 9),
(67, 10),
(68, 11),
(69, 12),
(70, 13),
(71, 14),
(72, 15),
(73, 16),
(74, 17),
(75, 18),
(76, 19);

INSERT game_transaction_type (id, economy_id, short_name, class, name) VALUES
(135, 6, 'ADHOC_EXPERIENCEPOINTS', 'AdHoc', ''),
(136, 6, 'ADHOC_REDEEMABLEPOINTS', 'AdHoc', ''),
(137, 6, 'BAR_TENURE_TWO_WEEKS', '', ''),
(138, 6, 'BAR_TENURE_WEEK', '', ''),
(139, 6, 'BEATBAR_LIKE', '', ''),
(140, 6, 'FACEBOOK_ASSOCIATE', '', ''),
(141, 6, 'FB_LIKE_BRAND', '', ''),
(142, 6, 'FB_POLL_PREMIUM_SHARE', '', ''),
(143, 6, 'FB_POLL_STANDARD_SHARE', '', ''),
(144, 6, 'FB_SHARE_STARBAR', '', ''),
(145, 6, 'FB_SURVEY_PREMIUM_SHARE', '', ''),
(146, 6, 'FB_SURVEY_PROFILE_SHARE', '', ''),
(147, 6, 'FB_SURVEY_STANDARD_SHARE', '', ''),
(148, 6, 'FB_TRAILER_STANDARD_SHARE', '', ''),
(149, 6, 'LEVEL_UP_BONUS', '', ''),
(150, 6, 'POLL_PREMIUM', '', ''),
(151, 6, 'POLL_STANDARD', '', ''),
(152, 6, 'STARBAR_CHECKIN', '', ''),
(153, 6, 'STARBAR_OPT_IN', '', ''),
(154, 6, 'SURVEY_PREMIUM', '', ''),
(155, 6, 'SURVEY_PREMIUM_DISQUALIFIED', '', ''),
(156, 6, 'SURVEY_PROFILE', '', ''),
(157, 6, 'SURVEY_STANDARD', '', ''),
(158, 6, 'SURVEY_STANDARD_DISQUALIFIED', '', ''),
(159, 6, 'TEST_REWARD_NOTES', '', ''),
(160, 6, 'TRAILER_PREMIUM', '', ''),
(161, 6, 'TRAILER_STANDARD', '', ''),
(162, 6, 'TW_POLL_PREMIUM_SHARE', '', ''),
(163, 6, 'TW_POLL_STANDARD_SHARE', '', ''),
(164, 6, 'TW_SHARE_BRAND', '', ''),
(165, 6, 'TW_SHARE_STARBAR', '', ''),
(166, 6, 'TW_SURVEY_PREMIUM_SHARE', '', ''),
(167, 6, 'TW_SURVEY_PROFILE_SHARE', '', ''),
(168, 6, 'TW_SURVEY_STANDARD_SHARE', '', ''),
(169, 6, 'TW_TRAILER_STANDARD_SHARE', '', ''),
(170, 6, 'TWITTER_ASSOCIATE', '', ''),
(171, 6, 'LEVEL_UP', '', ''),
(172, 6, 'CHECK_BD_LEVEL', '', ''),
(173, 6, 'IMPORT_BD_STOCK', 'ImportBDStock', ''),
(174, 6, 'IMPORT_BD_USER', 'ImportBDUser', ''),
(175, 6, 'PURCHASE', 'Purchase', ''),
(176, 6, 'INITIAL_STOCK', 'AddStock', ''),
(177, 6, 'ADJUST_STOCK', 'AdjustStock', '');

INSERT game_transaction_type_line (game_transaction_type_id, game_asset_id, amount) VALUES
(135, 59, 1),
(136, 60, 7),
(137, 59, 300),
(137, 60, 23),
(137, 74, 1),
(138, 59, 150),
(138, 60, 11),
(138, 74, 1),
(139, 59, 200),
(139, 60, 15),
(139, 70, 1),
(140, 59, 750),
(140, 60, 56),
(140, 70, 1),
(141, 59, 400),
(141, 60, 30),
(141, 70, 1),
(142, 59, 100),
(142, 60, 8),
(142, 70, 1),
(143, 59, 100),
(143, 60, 8),
(143, 70, 1),
(144, 59, 250),
(144, 60, 19),
(144, 70, 1),
(145, 59, 400),
(145, 60, 30),
(145, 70, 1),
(146, 59, 200),
(146, 60, 15),
(146, 70, 1),
(147, 59, 100),
(147, 60, 8),
(147, 70, 1),
(148, 59, 100),
(148, 60, 8),
(148, 70, 1),
(149, 59, 100),
(149, 60, 8),
(150, 59, 500),
(150, 60, 38),
(150, 67, 1),
(151, 59, 250),
(151, 60, 19),
(151, 68, 1),
(152, 59, 150),
(152, 60, 11),
(152, 61, 1),
(153, 59, 1000),
(153, 60, 75),
(154, 59, 5000),
(154, 60, 375),
(154, 71, 1),
(155, 59, 1000),
(155, 60, 75),
(155, 71, 1),
(156, 59, 2000),
(156, 60, 150),
(156, 66, 1),
(156, 72, 1),
(157, 59, 500),
(157, 60, 38),
(157, 73, 1),
(158, 59, 250),
(158, 60, 19),
(158, 73, 1),
(159, 59, 10000),
(159, 60, 5000),
(160, 59, 250),
(160, 60, 19),
(160, 76, 1),
(161, 59, 250),
(161, 60, 19),
(161, 76, 1),
(162, 59, 100),
(162, 60, 8),
(162, 70, 1),
(163, 59, 100),
(163, 60, 8),
(163, 70, 1),
(164, 59, 400),
(164, 60, 30),
(164, 70, 1),
(165, 59, 250),
(165, 60, 19),
(165, 70, 1),
(166, 59, 400),
(166, 60, 30),
(166, 70, 1),
(167, 59, 200),
(167, 60, 15),
(167, 70, 1),
(168, 59, 100),
(168, 60, 8),
(168, 70, 1),
(169, 59, 100),
(169, 60, 8),
(169, 70, 1),
(170, 59, 750),
(170, 60, 56),
(170, 70, 1),
(171, 77, 1),
(172, 77, 0);
