SET foreign_key_checks = 0;
TRUNCATE game_transaction_line;
TRUNCATE game_transaction;
TRUNCATE game_purchasable;
TRUNCATE game_balance;
TRUNCATE game_level;
TRUNCATE game_transaction_type_line;
TRUNCATE game_transaction_type;
TRUNCATE game_asset;
SET foreign_key_checks = 1;

ALTER TABLE game_asset AUTO_INCREMENT = 1000000;

UPDATE economy SET imported = null;
UPDATE user_gaming SET imported = null;

INSERT game_currency_type (id, short_name) VALUES
(1, 'EXPERIENCE'),
(2, 'REDEEMABLE'),
(3, 'TRACKING_CHECKIN'),
(4, 'TRACKING_CREATION'),
(5, 'TRACKING_INFLUENCE'),
(6, 'TRACKING_MISSION'),
(7, 'TRACKING_MOVIEBYTE'),
(8, 'TRACKING_OPINION'),
(9, 'TRACKING_PERSONAL'),
(10, 'TRACKING_POLL_PREMIUM'),
(11, 'TRACKING_POLL_STANDARD'),
(12, 'TRACKING_PURCHASE'),
(13, 'TRACKING_SOCIAL'),
(14, 'TRACKING_SURVEY_PREMIUM'),
(15, 'TRACKING_SURVEY_PROFILE'),
(16, 'TRACKING_SURVEY_STANDARD'),
(17, 'TRACKING_TENURE'),
(18, 'TRACKING_TOKEN'),
(19, 'TRACKING_TRAILER');

INSERT game_asset (id, economy_id, type, name, bdid) VALUES
(1, 3, 'currency', 'Movie SaySo', 4918005),
(2, 3, 'currency', 'Movie PaySo', 4918004),
(3, 3, 'currency', 'Check-In Points', 4918020),
(4, 3, 'currency', 'Creation Points', 4918014),
(5, 3, 'currency', 'Influence Points', 4918016),
(6, 3, 'currency', 'Mission Points', 4918013),
(7, 3, 'currency', 'MovieByte Points', 5642017),
(8, 3, 'currency', 'Opinion Points', 4918008),
(9, 3, 'currency', 'Personal Points', 4918009),
(10, 3, 'currency', 'Poll Points - Premium', 4918019),
(11, 3, 'currency', 'Poll Points - Standard', 4918018),
(12, 3, 'currency', 'Purchase Points', 4918021),
(13, 3, 'currency', 'Social Points', 4918007),
(14, 3, 'currency', 'Survey Points - Premium', 4918010),
(15, 3, 'currency', 'Survey Points - Profile', 4918017),
(16, 3, 'currency', 'Survey Points - Standard', 4918011),
(17, 3, 'currency', 'Tenure Points', 4918015),
(18, 3, 'currency', 'Token Points', 4918012),
(19, 3, 'currency', 'Trailer Quiz Points', 4918006),
(20, 4, 'currency', 'XP', 5642000),
(21, 4, 'currency', 'Coins', 5642001),
(22, 4, 'currency', 'Check-In Points', 5642015),
(23, 4, 'currency', 'Creation Points', 5642012),
(24, 4, 'currency', 'Influence Points', 5642014),
(25, 4, 'currency', 'Mission Points', 5642011),
(26, 4, 'currency', 'Opinion Points', 5642003),
(27, 4, 'currency', 'Personal Points', 5642004),
(28, 4, 'currency', 'Poll Points - Premium', 5642006),
(29, 4, 'currency', 'Poll Points - Standard', 5642005),
(30, 4, 'currency', 'Purchase Points', 5642016),
(31, 4, 'currency', 'Social Points', 5642002),
(32, 4, 'currency', 'Survey Points - Premium', 5642008),
(33, 4, 'currency', 'Survey Points - Profile', 5642009),
(34, 4, 'currency', 'Survey Points - Standard', 5642007),
(35, 4, 'currency', 'Tenure Points', 5642013),
(36, 4, 'currency', 'Token Points', 5642010),
(37, 4, 'currency', 'Trailer Quiz Points', 5642018),
(38, 5, 'currency', 'Social SaySo', 6780011),
(39, 5, 'currency', 'Social PaySo', 6780012),
(40, 5, 'currency', 'Check-In Points', 6780027),
(41, 5, 'currency', 'Creation Points', 6780023),
(42, 5, 'currency', 'Influence Points', 6780025),
(43, 5, 'currency', 'Mission Points', 6780022),
(44, 5, 'currency', 'Opinion Points', 6780013),
(45, 5, 'currency', 'Personal Points', 6780015),
(46, 5, 'currency', 'Poll Points - Premium', 6780017),
(47, 5, 'currency', 'Poll Points - Standard', 6780016),
(48, 5, 'currency', 'Purchase Points', 6780026),
(49, 5, 'currency', 'Social Points', 6780014),
(50, 5, 'currency', 'Survey Points - Premium', 6780019),
(51, 5, 'currency', 'Survey Points - Profile', 6780020),
(52, 5, 'currency', 'Survey Points - Standard', 6780018),
(53, 5, 'currency', 'Tenure Points', 6780024),
(54, 5, 'currency', 'Token Points', 6780021),
(55, 5, 'currency', 'Trailer Quiz Points', 7930001),
(56, 3, 'level', 'User Level', NULL),
(57, 4, 'level', 'User Level', NULL),
(58, 5, 'level', 'User Level', NULL);

INSERT game_currency (game_asset_id, game_currency_type_id) VALUES
(1, 1),
(2, 2),
(3, 3),
(4, 4),
(5, 5),
(6, 6),
(7, 7),
(8, 8),
(9, 9),
(10, 10),
(11, 11),
(12, 12),
(13, 13),
(14, 14),
(15, 15),
(16, 16),
(17, 17),
(18, 18),
(19, 19),
(20, 1),
(21, 2),
(22, 3),
(23, 4),
(24, 5),
(25, 6),
(26, 8),
(27, 9),
(28, 10),
(29, 11),
(30, 12),
(31, 13),
(32, 14),
(33, 15),
(34, 16),
(35, 17),
(36, 18),
(37, 19),
(38, 1),
(39, 2),
(40, 3),
(41, 4),
(42, 5),
(43, 6),
(44, 8),
(45, 9),
(46, 10),
(47, 11),
(48, 12),
(49, 13),
(50, 14),
(51, 15),
(52, 16),
(53, 17),
(54, 18),
(55, 19);

INSERT game_transaction_type (id, economy_id, short_name, class, name) VALUES
(1, 3, 'ADHOC_EXPERIENCEPOINTS', 'AdHoc', ''),
(2, 3, 'ADHOC_REDEEMABLEPOINTS', 'AdHoc', ''),
(3, 3, 'BAR_TENURE_MONTH', '', ''),
(4, 3, 'BAR_TENURE_TWO_WEEKS', '', ''),
(5, 3, 'BAR_TENURE_WEEK', '', ''),
(6, 3, 'BEATBAR_LIKE', '', ''),
(7, 3, 'FACEBOOK_ASSOCIATE', '', ''),
(8, 3, 'FB_LIKE_BRAND', '', ''),
(9, 3, 'FB_POLL_PREMIUM_SHARE', '', ''),
(10, 3, 'FB_POLL_STANDARD_SHARE', '', ''),
(11, 3, 'FB_SHARE_STARBAR', '', ''),
(12, 3, 'FB_SURVEY_PREMIUM_SHARE', '', ''),
(13, 3, 'FB_SURVEY_PROFILE_SHARE', '', ''),
(14, 3, 'FB_SURVEY_STANDARD_SHARE', '', ''),
(15, 3, 'FB_TRAILER_STANDARD_SHARE', '', ''),
(16, 3, 'LEVEL_UP_BONUS', '', ''),
(17, 3, 'POLL_PREMIUM', '', ''),
(18, 3, 'POLL_STANDARD', '', ''),
(19, 3, 'STARBAR_CHECKIN', '', ''),
(20, 3, 'STARBAR_OPT_IN', '', ''),
(21, 3, 'SURVEY_MOVIEBYTE', '', ''),
(22, 3, 'SURVEY_MOVIEBYTE_DISQUALIFIED', '', ''),
(23, 3, 'SURVEY_PREMIUM', '', ''),
(24, 3, 'SURVEY_PREMIUM_DISQUALIFIED', '', ''),
(25, 3, 'SURVEY_PROFILE', '', ''),
(26, 3, 'SURVEY_STANDARD', '', ''),
(27, 3, 'SURVEY_STANDARD_DISQUALIFIED', '', ''),
(28, 3, 'TEST_REWARD_NOTES', '', ''),
(29, 3, 'TRAILER_PREMIUM', '', ''),
(30, 3, 'TRAILER_STANDARD', '', ''),
(31, 3, 'TW_POLL_PREMIUM_SHARE', '', ''),
(32, 3, 'TW_POLL_STANDARD_SHARE', '', ''),
(33, 3, 'TW_SHARE_BRAND', '', ''),
(34, 3, 'TW_SHARE_STARBAR', '', ''),
(35, 3, 'TW_SURVEY_PREMIUM_SHARE', '', ''),
(36, 3, 'TW_SURVEY_PROFILE_SHARE', '', ''),
(37, 3, 'TW_SURVEY_STANDARD_SHARE', '', ''),
(38, 3, 'TW_TRAILER_STANDARD_SHARE', '', ''),
(39, 3, 'TWITTER_ASSOCIATE', '', ''),
(40, 4, 'ADHOC_EXPERIENCEPOINTS', 'AdHoc', ''),
(41, 4, 'ADHOC_REDEEMABLEPOINTS', 'AdHoc', ''),
(42, 4, 'BAR_TENURE_MONTH', '', ''),
(43, 4, 'BAR_TENURE_TWO_WEEKS', '', ''),
(44, 4, 'BAR_TENURE_WEEK', '', ''),
(45, 4, 'BEATBAR_LIKE', '', ''),
(46, 4, 'FACEBOOK_ASSOCIATE', '', ''),
(47, 4, 'FB_LIKE_BRAND', '', ''),
(48, 4, 'FB_POLL_PREMIUM_SHARE', '', ''),
(49, 4, 'FB_POLL_STANDARD_SHARE', '', ''),
(50, 4, 'FB_SHARE_STARBAR', '', ''),
(51, 4, 'FB_SURVEY_PREMIUM_SHARE', '', ''),
(52, 4, 'FB_SURVEY_PROFILE_SHARE', '', ''),
(53, 4, 'FB_SURVEY_STANDARD_SHARE', '', ''),
(54, 4, 'FB_TRAILER_STANDARD_SHARE', '', ''),
(55, 4, 'LEVEL_UP_BONUS', '', ''),
(56, 4, 'POLL_PREMIUM', '', ''),
(57, 4, 'POLL_STANDARD', '', ''),
(58, 4, 'STARBAR_CHECKIN', '', ''),
(59, 4, 'STARBAR_OPT_IN', '', ''),
(60, 4, 'SURVEY_PREMIUM', '', ''),
(61, 4, 'SURVEY_PREMIUM_DISQUALIFIED', '', ''),
(62, 4, 'SURVEY_PROFILE', '', ''),
(63, 4, 'SURVEY_STANDARD', '', ''),
(64, 4, 'SURVEY_STANDARD_DISQUALIFIED', '', ''),
(65, 4, 'TEST_REWARD_NOTES', '', ''),
(66, 4, 'TRAILER_PREMIUM', '', ''),
(67, 4, 'TRAILER_STANDARD', '', ''),
(68, 4, 'TW_POLL_PREMIUM_SHARE', '', ''),
(69, 4, 'TW_POLL_STANDARD_SHARE', '', ''),
(70, 4, 'TW_SHARE_BRAND', '', ''),
(71, 4, 'TW_SHARE_STARBAR', '', ''),
(72, 4, 'TW_SURVEY_PREMIUM_SHARE', '', ''),
(73, 4, 'TW_SURVEY_PROFILE_SHARE', '', ''),
(74, 4, 'TW_SURVEY_STANDARD_SHARE', '', ''),
(75, 4, 'TW_TRAILER_STANDARD_SHARE', '', ''),
(76, 4, 'TWITTER_ASSOCIATE', '', ''),
(77, 5, 'ADHOC_EXPERIENCEPOINTS', 'AdHoc', ''),
(78, 5, 'ADHOC_REDEEMABLEPOINTS', 'AdHoc', ''),
(79, 5, 'BAR_TENURE_MONTH', '', ''),
(80, 5, 'BAR_TENURE_TWO_WEEKS', '', ''),
(81, 5, 'BAR_TENURE_WEEK', '', ''),
(82, 5, 'BEATBAR_LIKE', '', ''),
(83, 5, 'FACEBOOK_ASSOCIATE', '', ''),
(84, 5, 'FB_LIKE_BRAND', '', ''),
(85, 5, 'FB_POLL_PREMIUM_SHARE', '', ''),
(86, 5, 'FB_POLL_STANDARD_SHARE', '', ''),
(87, 5, 'FB_SHARE_STARBAR', '', ''),
(88, 5, 'FB_SURVEY_PREMIUM_SHARE', '', ''),
(89, 5, 'FB_SURVEY_PROFILE_SHARE', '', ''),
(90, 5, 'FB_SURVEY_STANDARD_SHARE', '', ''),
(91, 5, 'FB_TRAILER_STANDARD_SHARE', '', ''),
(92, 5, 'LEVEL_UP_BONUS', '', ''),
(93, 5, 'POLL_PREMIUM', '', ''),
(94, 5, 'POLL_STANDARD', '', ''),
(95, 5, 'STARBAR_CHECKIN', '', ''),
(96, 5, 'STARBAR_OPT_IN', '', ''),
(97, 5, 'SURVEY_PREMIUM', '', ''),
(98, 5, 'SURVEY_PREMIUM_DISQUALIFIED', '', ''),
(99, 5, 'SURVEY_PROFILE', '', ''),
(100, 5, 'SURVEY_STANDARD', '', ''),
(101, 5, 'SURVEY_STANDARD_DISQUALIFIED', '', ''),
(102, 5, 'TEST_REWARD_NOTES', '', ''),
(103, 5, 'TRAILER_PREMIUM', '', ''),
(104, 5, 'TRAILER_STANDARD', '', ''),
(105, 5, 'TW_POLL_PREMIUM_SHARE', '', ''),
(106, 5, 'TW_POLL_STANDARD_SHARE', '', ''),
(107, 5, 'TW_SHARE_BRAND', '', ''),
(108, 5, 'TW_SHARE_STARBAR', '', ''),
(109, 5, 'TW_SURVEY_PREMIUM_SHARE', '', ''),
(110, 5, 'TW_SURVEY_PROFILE_SHARE', '', ''),
(111, 5, 'TW_SURVEY_STANDARD_SHARE', '', ''),
(112, 5, 'TW_TRAILER_STANDARD_SHARE', '', ''),
(113, 5, 'TWITTER_ASSOCIATE', '', ''),
(114, 3, 'LEVEL_UP', '', ''),
(115, 3, 'CHECK_BD_LEVEL', '', ''),
(116, 4, 'LEVEL_UP', '', ''),
(117, 4, 'CHECK_BD_LEVEL', '', ''),
(118, 5, 'LEVEL_UP', '', ''),
(119, 5, 'CHECK_BD_LEVEL', '', ''),
(120, 3, 'IMPORT_BD_STOCK', 'ImportBDStock', ''),
(121, 3, 'IMPORT_BD_USER', 'ImportBDUser', ''),
(122, 3, 'PURCHASE', 'Purchase', ''),
(123, 4, 'IMPORT_BD_STOCK', 'ImportBDStock', ''),
(124, 4, 'IMPORT_BD_USER', 'ImportBDUser', ''),
(125, 4, 'PURCHASE', 'Purchase', ''),
(126, 5, 'IMPORT_BD_STOCK', 'ImportBDStock', ''),
(127, 5, 'IMPORT_BD_USER', 'ImportBDUser', ''),
(128, 5, 'PURCHASE', 'Purchase', '');

INSERT game_transaction_type_line (game_transaction_type_id, game_asset_id, amount) VALUES
(1, 1, 1),
(2, 2, 7),
(3, 1, 500),
(3, 2, 38),
(3, 17, 1),
(4, 1, 300),
(4, 2, 23),
(4, 17, 1),
(5, 1, 150),
(5, 2, 11),
(5, 17, 1),
(6, 1, 200),
(6, 2, 15),
(6, 13, 1),
(7, 1, 750),
(7, 2, 56),
(7, 13, 8),
(8, 1, 400),
(8, 2, 30),
(8, 13, 1),
(9, 1, 100),
(9, 2, 8),
(9, 13, 1),
(10, 1, 100),
(10, 2, 8),
(10, 13, 1),
(11, 1, 250),
(11, 2, 19),
(11, 13, 1),
(12, 1, 400),
(12, 2, 30),
(12, 13, 1),
(13, 1, 200),
(13, 2, 15),
(13, 13, 1),
(14, 1, 100),
(14, 2, 8),
(14, 13, 1),
(15, 1, 100),
(15, 2, 8),
(15, 13, 1),
(16, 1, 100),
(16, 2, 8),
(17, 1, 500),
(17, 2, 38),
(17, 10, 1),
(18, 1, 250),
(18, 2, 19),
(18, 11, 1),
(19, 1, 150),
(19, 2, 11),
(19, 3, 1),
(20, 1, 1000),
(20, 2, 75),
(20, 9, 10),
(21, 1, 5000),
(21, 2, 375),
(21, 7, 1),
(22, 1, 1000),
(22, 2, 75),
(22, 7, 1),
(23, 1, 5000),
(23, 2, 375),
(23, 14, 1),
(24, 1, 1000),
(24, 2, 75),
(24, 14, 1),
(25, 1, 2000),
(25, 2, 150),
(25, 9, 10),
(25, 15, 1),
(26, 1, 500),
(26, 2, 38),
(26, 16, 1),
(27, 1, 250),
(27, 2, 19),
(27, 16, 1),
(28, 1, 10000),
(28, 2, 5000),
(29, 1, 250),
(29, 2, 19),
(29, 19, 5),
(30, 1, 250),
(30, 2, 19),
(30, 19, 5),
(31, 1, 100),
(31, 2, 8),
(31, 13, 1),
(32, 1, 100),
(32, 2, 8),
(32, 13, 1),
(33, 1, 400),
(33, 2, 30),
(33, 13, 1),
(34, 1, 250),
(34, 2, 19),
(34, 13, 1),
(35, 1, 400),
(35, 2, 30),
(35, 13, 1),
(36, 1, 200),
(36, 2, 15),
(36, 13, 1),
(37, 1, 100),
(37, 2, 8),
(37, 13, 1),
(38, 1, 100),
(38, 2, 8),
(38, 13, 1),
(39, 1, 750),
(39, 2, 56),
(39, 13, 8),
(40, 20, 1),
(41, 21, 7),
(42, 20, 500),
(42, 21, 38),
(42, 35, 1),
(43, 20, 300),
(43, 21, 23),
(43, 35, 1),
(44, 20, 150),
(44, 21, 11),
(44, 35, 1),
(45, 20, 200),
(45, 21, 15),
(45, 31, 1),
(46, 20, 750),
(46, 21, 56),
(46, 31, 1),
(47, 20, 400),
(47, 21, 30),
(47, 31, 1),
(48, 20, 100),
(48, 21, 8),
(48, 31, 1),
(49, 20, 100),
(49, 21, 8),
(49, 31, 1),
(50, 20, 250),
(50, 21, 19),
(50, 31, 1),
(51, 20, 400),
(51, 21, 30),
(51, 31, 1),
(52, 20, 200),
(52, 21, 15),
(52, 31, 1),
(53, 20, 100),
(53, 21, 8),
(53, 31, 1),
(54, 31, 100),
(54, 21, 8),
(54, 31, 1),
(55, 20, 100),
(55, 21, 8),
(56, 20, 500),
(56, 21, 38),
(56, 28, 1),
(57, 20, 250),
(57, 21, 19),
(57, 29, 1),
(58, 20, 150),
(58, 21, 11),
(58, 22, 1),
(59, 20, 1000),
(59, 21, 75),
(59, 27, 1),
(60, 20, 5000),
(60, 21, 375),
(60, 32, 1),
(61, 20, 1000),
(61, 21, 75),
(61, 32, 1),
(62, 20, 2000),
(62, 21, 150),
(62, 27, 1),
(62, 33, 1),
(63, 20, 500),
(63, 21, 38),
(63, 34, 1),
(64, 20, 250),
(64, 21, 19),
(64, 34, 1),
(65, 20, 10000),
(65, 21, 5000),
(66, 20, 250),
(66, 21, 19),
(66, 37, 1),
(67, 20, 250),
(67, 21, 19),
(67, 37, 1),
(68, 20, 100),
(68, 21, 8),
(68, 31, 1),
(69, 20, 100),
(69, 21, 8),
(69, 31, 1),
(70, 20, 400),
(70, 21, 30),
(70, 31, 1),
(71, 20, 250),
(71, 21, 19),
(71, 31, 1),
(72, 20, 400),
(72, 21, 30),
(72, 31, 1),
(73, 20, 200),
(73, 21, 15),
(73, 31, 1),
(74, 20, 100),
(74, 21, 8),
(74, 31, 1),
(75, 20, 100),
(75, 21, 8),
(75, 31, 1),
(76, 20, 750),
(76, 21, 56),
(76, 31, 1),
(77, 38, 1),
(78, 39, 7),
(79, 38, 500),
(79, 39, 38),
(79, 53, 1),
(80, 38, 300),
(80, 39, 23),
(80, 53, 1),
(81, 38, 150),
(81, 39, 11),
(81, 53, 1),
(82, 38, 200),
(82, 39, 15),
(82, 49, 1),
(83, 38, 750),
(83, 39, 56),
(83, 49, 1),
(84, 38, 400),
(84, 39, 30),
(84, 49, 1),
(85, 38, 100),
(85, 39, 8),
(85, 49, 1),
(86, 38, 100),
(86, 39, 8),
(86, 49, 1),
(87, 38, 250),
(87, 39, 19),
(87, 49, 1),
(88, 38, 400),
(88, 39, 30),
(88, 49, 1),
(89, 38, 200),
(89, 39, 15),
(89, 49, 1),
(90, 38, 100),
(90, 39, 8),
(90, 49, 1),
(91, 38, 100),
(91, 39, 8),
(91, 49, 1),
(92, 38, 100),
(92, 39, 8),
(93, 38, 500),
(93, 39, 38),
(93, 46, 1),
(94, 38, 250),
(94, 39, 19),
(94, 47, 1),
(95, 38, 150),
(95, 39, 11),
(95, 40, 1),
(96, 38, 1000),
(96, 39, 75),
(97, 38, 5000),
(97, 39, 375),
(97, 50, 1),
(98, 38, 1000),
(98, 39, 75),
(98, 50, 1),
(99, 38, 2000),
(99, 39, 150),
(99, 45, 1),
(99, 51, 1),
(100, 38, 500),
(100, 39, 38),
(100, 52, 1),
(101, 38, 250),
(101, 39, 19),
(101, 52, 1),
(102, 38, 10000),
(102, 39, 5000),
(103, 38, 250),
(103, 39, 19),
(103, 55, 1),
(104, 38, 250),
(104, 39, 19),
(104, 55, 1),
(105, 38, 100),
(105, 39, 8),
(105, 49, 1),
(106, 38, 100),
(106, 39, 8),
(106, 49, 1),
(107, 38, 400),
(107, 39, 30),
(107, 49, 1),
(108, 38, 250),
(108, 39, 19),
(108, 49, 1),
(109, 38, 400),
(109, 39, 30),
(109, 49, 1),
(110, 38, 200),
(110, 39, 15),
(110, 49, 1),
(111, 38, 100),
(111, 39, 8),
(111, 49, 1),
(112, 38, 100),
(112, 39, 8),
(112, 49, 1),
(113, 38, 750),
(113, 39, 56),
(113, 49, 1),
(114, 56, 1),
(115, 56, 0),
(116, 57, 1),
(117, 57, 0),
(118, 58, 1),
(119, 58, 0);
